Country_Name,Country_Code,2000,2001,2002,2003,2004,2005,2006,2007,2008,2009,2010,2011,2012,2013,2014,2015,2016,2017,2018
Afghanistan,AFG,1.44673E-06,-6.95339E-07,3.03301E-06,1.03328E-05,5.95287E-06,8.48262E-06,1.58107E-05,1.54916E-05,1.17691E-05,3.10006E-05,3.14464E-05,4.51478E-05,3.74414E-05,2.97839E-05,3.78408E-05,2.41912E-05,9.11167E-05,9.51169E-05,0.000104071
Albania,ALB,3.15338E-05,0.00022968,0.000430542,0.000670642,2.31351E-05,0.000556128,3.33587E-05,4.94918E-05,6.17083E-05,0.000476519,0.000165125,0.000181196,0.000191181,0.000190256,0.000211685,0.000212893,0.000218185,0.000165601,0.000174133
Algeria,DZA,0.000892987,0.000927041,0.001260798,0.001475263,0.001756549,0.00185153,0.002434963,0.002743048,0.00221374,0.002671564,0.00341519,0.003710879,0.004343137,0.004753302,0.004829399,0.005449955,0.005640438,0.005995786,0.005394553
Angola,AGO,6.64717E-06,1.49781E-05,1.96784E-05,6.61389E-06,1.08702E-05,9.63974E-06,1.41376E-05,1.02991E-05,9.67511E-06,1.53251E-05,1.52411E-05,1.93906E-05,2.36913E-05,2.51746E-05,3.64442E-05,3.51101E-05,4.3586E-05,5.66852E-05,2.68371E-05
Argentina,ARG,0.01851067,0.016352969,0.01491738,0.013662853,0.012875249,0.012929675,0.01360834,0.013545691,0.013878774,0.013864343,0.01351325,0.013571727,0.013223344,0.013167779,0.013478875,0.012844045,0.01234041,0.011705305,0.011011667
Armenia,ARM,0.00065567,0.00061466,0.000639134,0.000594595,0.000482619,0.000643868,0.000590667,0.000604357,0.000646435,0.000651275,0.000715528,0.000781842,0.000705568,0.000675474,0.000665782,0.000646951,0.000630212,0.000561864,0.000513087
Australia,AUS,0.077712767,0.074553212,0.073037329,0.071377196,0.070743993,0.071612901,0.0738385,0.076069191,0.07547969,0.074001541,0.075674781,0.07714915,0.077210876,0.083159898,0.081808258,0.084005639,0.082656596,0.078012048,0.073026589
Austria,AUT,0.012709555,0.013168752,0.013572071,0.013700269,0.013337928,0.01344221,0.013911173,0.014753401,0.015211399,0.015868536,0.015901793,0.015441278,0.01557476,0.015417431,0.015494839,0.015777106,0.01521221,0.014170971,0.012199535
Azerbaijan,AZE,0.000248771,0.000407352,0.000551544,0.000613384,0.000686337,0.000648846,0.000553172,0.000751073,0.000780705,0.001022354,0.000959061,0.000878743,0.000858343,0.000600543,0.00050641,0.000571108,0.000720223,0.000834624,0.000759641
"Bahamas, The",BHS,-2.32647E-06,6.15974E-06,2.45363E-06,3.22893E-06,2.10948E-06,6.16836E-06,5.99269E-06,1.15494E-05,3.58341E-06,1.03796E-05,8.53881E-06,1.11233E-05,8.40259E-05,8.58283E-05,0.000112258,7.02067E-05,4.07404E-05,5.87511E-05,1.70408E-05
Bahrain,BHR,0.000130277,0.000133069,0.000101418,0.00019523,0.000195594,0.000206598,0.000232702,0.000217936,0.000194279,0.000235808,0.00025596,0.000346503,0.000333645,0.000426474,0.000415211,0.000363669,0.000389094,0.000462833,0.000480066
Bangladesh,BGD,0.001235224,0.001149386,0.001113052,0.001337737,0.001188763,0.00121305,0.001286145,0.001600047,0.001764056,0.001870661,0.002142224,0.002014187,0.002615571,0.002475329,0.002919858,0.002862159,0.003246932,0.003361289,0.003217604
Barbados,BRB,4.07536E-05,0.000212445,0.000209252,0.000260316,0.000193728,0.000148685,0.000115857,0.000190005,0.000144857,0.000130613,0.000121792,0.000109706,8.70367E-05,8.00691E-05,8.53417E-05,9.96515E-05,9.20119E-05,4.96515E-05,3.42671E-05
Belarus,BLR,0.002950196,0.00302623,0.003220154,0.003111222,0.002751436,0.002886513,0.002775371,0.003009412,0.002714543,0.003131421,0.002971836,0.00247214,0.002161606,0.001932627,0.001510259,0.001396746,0.001295977,0.00128169,0.001271579
Belgium,BEL,0.016784519,0.017340615,0.016941778,0.017239193,0.016899626,0.017102239,0.017439387,0.01813182,0.01889803,0.019444451,0.019271455,0.019146708,0.01979808,0.019923074,0.020179059,0.019813381,0.019434294,0.017563025,0.015181776
Belize,BLZ,-4.09823E-06,9.40718E-07,-1.02264E-06,4.89864E-06,2.86741E-05,4.92816E-05,5.52405E-05,5.60463E-05,6.0597E-05,8.50154E-06,1.03856E-05,5.01495E-05,5.37466E-05,3.55685E-05,3.43998E-05,2.88499E-05,3.45167E-05,1.00898E-05,2.61791E-05
Benin,BEN,6.62144E-05,6.69883E-05,6.60287E-05,6.73761E-05,8.37958E-05,7.32168E-05,9.76493E-05,0.000116025,0.000115112,0.000150607,0.000123835,0.000154097,0.000165375,0.000211582,0.000209197,0.000216952,0.000198554,0.000219241,0.000213884
Bhutan,BTN,-3.34359E-06,-6.95339E-07,5.74199E-06,3.22893E-06,1.10539E-05,4.36116E-06,2.05965E-05,8.28329E-06,4.33218E-06,1.25331E-05,1.90447E-05,1.93552E-05,1.99765E-05,3.5524E-05,3.05346E-05,3.37271E-05,4.756E-05,4.72526E-05,4.81522E-05
Bolivia,BOL,5.85696E-05,6.54668E-05,6.606E-05,7.40246E-05,6.08485E-05,7.83003E-05,8.68585E-05,0.000106137,0.000115645,0.000104921,9.1571E-05,9.78298E-05,9.77573E-05,0.000102054,0.0003563,9.93327E-05,0.000300082,0.000324112,9.56286E-05
Bosnia and Herzegovina,BIH,0.00059891,0.000658442,0.000166527,0.000644476,0.000830135,0.000784847,0.00060683,0.000396064,0.000557542,0.000553149,0.000643835,0.000672548,0.000643256,0.000584961,0.000569764,0.000659115,0.000663598,0.00079058,0.000689146
Botswana,BWA,0.000174997,0.000159344,0.000179462,0.000186791,0.000184233,0.00015155,0.000239654,0.000187763,0.000199761,0.000201728,0.000194184,0.000199925,0.000192077,0.000201112,0.000242633,0.00019032,0.000291004,0.000249535,0.000266291
Brazil,BRA,0.049930879,0.049242589,0.049644059,0.049820975,0.049659165,0.051496311,0.059065944,0.063097828,0.069291791,0.071491214,0.075481025,0.078538154,0.082031699,0.0833725,0.084062474,0.084140273,0.082399976,0.07848958,0.073746338
Brunei Darussalam,BRN,9.68278E-05,8.41713E-05,6.86783E-05,0.000124871,9.58673E-05,7.65187E-05,0.000100342,0.000126772,0.000145104,0.00010564,6.71958E-05,9.20038E-05,0.000149341,0.000160656,0.000302837,0.000205091,0.000322533,0.000304997,0.000358532
Bulgaria,BGR,0.004208936,0.004193975,0.004060457,0.003878512,0.002962765,0.002845879,0.002702032,0.003316102,0.003173858,0.003596736,0.003435557,0.003096437,0.003228129,0.003235911,0.003168367,0.003054688,0.002971222,0.003022554,0.003179149
Burkina Faso,BFA,7.49638E-05,0.000102376,0.000108433,0.000112655,9.92549E-05,8.86268E-05,0.000132071,0.000139946,0.00014854,0.000163453,0.000155689,0.00018213,0.000239114,0.000202771,0.000224236,0.000265244,0.000249404,0.000227119,0.000236837
Burundi,BDI,-2.40849E-06,3.52569E-06,-2.55721E-06,4.38255E-06,4.92137E-06,1.52685E-06,5.35718E-06,3.05249E-06,-8.71141E-07,2.24137E-06,1.26605E-05,9.64909E-06,9.98788E-06,1.46175E-05,1.41447E-05,1.40049E-05,1.3644E-05,1.20014E-05,1.83186E-05
Cabo Verde,CPV,-4.70522E-06,-1.23524E-06,-3.74729E-06,1.30118E-06,1.31255E-07,-2.93264E-06,3.4247E-06,7.43289E-07,-9.59979E-07,4.38235E-06,1.62863E-06,1.60585E-06,2.47613E-06,6.36504E-06,8.17733E-06,1.06443E-05,8.49997E-06,1.42932E-05,7.09169E-06
Cambodia,KHM,1.4817E-05,1.933E-05,3.23777E-05,3.51811E-05,4.80607E-05,4.27674E-05,5.60945E-05,7.87193E-05,0.000106693,0.000108079,9.21196E-05,0.000125768,0.000135268,0.000164178,0.000162908,0.000179516,0.00019825,0.000169001,0.000263657
Cameroon,CMR,0.000192682,0.000245057,0.000294539,0.000313339,0.000298899,0.00036103,0.000410698,0.000428151,0.000414671,0.000448028,0.000455352,0.000504178,0.00050956,0.000607072,0.000695597,0.000740803,0.000796128,0.000843568,0.000827102
Canada,CAN,0.125831656,0.117193538,0.118876038,0.114715424,0.112094135,0.112404979,0.112443511,0.111169902,0.112657892,0.108669454,0.103846256,0.100446814,0.099687605,0.097923206,0.098083309,0.098634068,0.094046271,0.08913627,0.08302455
Central African Republic,CAF,4.94103E-06,8.90831E-06,1.81161E-06,1.34749E-05,1.25234E-05,7.71553E-06,1.54476E-05,8.18123E-06,8.77404E-06,1.19071E-05,1.48375E-05,1.63007E-05,9.9061E-06,1.20684E-05,1.88423E-05,1.42491E-05,2.97956E-05,1.80951E-05,1.77034E-05
Chad,TCD,-1.28171E-07,3.41116E-06,3.47146E-06,5.09597E-06,1.4332E-05,8.59963E-06,1.22052E-05,3.10353E-06,4.20527E-06,9.65341E-06,2.38691E-06,7.597E-06,4.39203E-06,3.87417E-06,6.64222E-06,1.2749E-05,1.17619E-05,1.53387E-05,1.29519E-05
Chile,CHL,0.008196751,0.007033473,0.007077899,0.006781199,0.007132798,0.007125547,0.007824405,0.008425517,0.008943494,0.006756167,0.006058448,0.007877948,0.008404967,0.008389515,0.0090996,0.009484058,0.009682566,0.009227437,0.008970213
China,CHN,0.154189857,0.190933623,0.210433788,0.250614663,0.311182115,0.387627453,0.442438117,0.496489224,0.569394422,0.644951912,0.731023222,0.743441982,0.74152825,0.774069463,0.808739939,0.835346627,0.857593886,0.858515865,0.868721659
Colombia,COL,0.004151248,0.001646372,0.002526748,0.002976933,0.003277715,0.003604216,0.004197189,0.004285752,0.005126784,0.005185076,0.005736793,0.006014461,0.006601584,0.006997643,0.007666062,0.007967166,0.008624395,0.008593021,0.008331354
Comoros,COM,-3.50764E-06,-2.00418E-06,-3.70031E-06,-1.82573E-06,-5.18731E-07,-2.93352E-07,-4.27292E-07,1.91703E-06,-3.15553E-06,-9.76359E-07,-8.36317E-08,3.08005E-06,-1.05194E-06,1.36281E-05,-4.56252E-07,1.27197E-06,3.51507E-06,2.12679E-06,1.43304E-06
"Congo, Dem. Rep.",COD,1.62278E-05,1.21968E-05,1.24597E-05,2.08064E-05,1.72429E-05,2.65546E-05,3.00774E-05,3.86857E-05,4.59968E-05,5.38502E-05,6.11785E-05,5.20825E-05,8.09932E-05,9.14271E-05,0.000136157,0.000142718,0.000122542,0.000141638,0.000139092
"Congo, Rep.",COG,2.33477E-05,2.44018E-05,3.34582E-05,4.86602E-05,5.30769E-05,5.52488E-05,5.76379E-05,5.73762E-05,5.95001E-05,5.12084E-05,5.60662E-05,5.90761E-05,6.48248E-05,6.54824E-05,8.56603E-05,7.90182E-05,8.83906E-05,7.65717E-05,6.14411E-05
Costa Rica,CRI,0.000197111,0.000272101,0.000252166,0.000229019,0.00030636,0.000282475,0.000283647,0.000287187,0.000311354,0.000313735,0.000933785,0.000935788,0.000912884,0.000839976,0.000892411,0.000908219,0.000843169,0.000928963,0.00087322
Cote d'Ivoire,CIV,0.000120811,0.000128782,0.000119645,0.000145731,0.000148031,0.000127563,0.000125845,0.000150459,0.000205396,0.000191298,0.000188876,0.000213832,0.000229493,0.000189141,0.000206023,0.000221464,0.000192897,0.000206821,0.000233193
Croatia,HRV,0.004048182,0.004127007,0.00448944,0.004828282,0.004878502,0.004900619,0.004092909,0.004631346,0.004862244,0.005213563,0.004963084,0.005383566,0.005144505,0.004946942,0.004710485,0.004766394,0.004569631,0.004501211,0.004080131
Cuba,CUB,0.001549441,0.001625005,0.001488419,0.001185337,0.001102113,0.001563123,0.001820926,0.001703268,0.001735941,0.002010208,0.001578862,0.00200254,0.001920823,0.001969239,0.001806685,0.001538883,0.001419917,0.00129999,0.001021389
Cyprus,CYP,0.000246721,0.000211632,0.000295995,0.000405204,0.000475337,0.000472294,0.000446728,0.000550371,0.000653326,0.000823424,0.000868096,0.000901232,0.000940576,0.001120385,0.001055774,0.001088169,0.001207687,0.001263206,0.001177835
Czech Republic,CZE,0.017530447,0.016837095,0.018279622,0.014987089,0.011286456,0.010962389,0.01206689,0.01343848,0.014151016,0.014655274,0.016217117,0.016362852,0.01667606,0.016779226,0.018146979,0.019704887,0.019140064,0.017933949,0.014906438
Denmark,DNK,0.013134451,0.013182,0.012821367,0.012835383,0.012595195,0.012246113,0.01245245,0.012962981,0.013183848,0.013644762,0.014106981,0.014587989,0.015338193,0.015657721,0.016929337,0.017129515,0.016711967,0.015672332,0.013647086
Djibouti,DJI,-1.83431E-06,-1.28432E-06,-2.00915E-06,-3.07813E-07,4.84509E-07,1.40984E-06,1.57004E-06,2.45725E-07,-5.15792E-07,8.23861E-06,5.68912E-06,3.42207E-06,6.21448E-06,7.49224E-06,9.87387E-06,5.01626E-06,2.77365E-06,3.48917E-06,4.15896E-06
Dominican Republic,DOM,0.000140096,0.00026288,0.000301487,0.000328932,0.00030383,0.000315436,0.000373872,0.000177935,7.37003E-05,0.000289181,0.000361336,0.000341001,0.000278472,0.000273173,0.000259425,0.00023358,0.000238221,0.000259625,0.000217048
Ecuador,ECU,0.00115766,0.000532364,0.000317529,0.00082465,0.000869804,0.000968436,0.001087917,0.001106304,0.001131474,0.000952999,0.000931395,0.00019916,0.000287887,0.000727222,0.000782246,0.001175564,0.00159815,0.002015521,0.002329241
"Egypt, Arab Rep.",EGY,0.006841056,0.006729249,0.006528466,0.006543929,0.00581171,0.006375678,0.005191822,0.008035378,0.008491005,0.009660284,0.010232148,0.010572339,0.011459644,0.011500728,0.011996775,0.012713413,0.013874284,0.013237367,0.013798703
El Salvador,SLV,-2.75818E-07,1.13951E-05,1.59986E-05,7.81304E-06,2.34601E-05,1.57894E-05,2.30089E-05,1.59509E-05,2.15285E-05,1.71531E-05,2.14297E-05,1.90722E-05,0.000217911,0.000177708,0.00017999,0.000190505,0.00016947,0.000174449,0.000150834
Equatorial Guinea,GNQ,-5.11535E-06,4.00819E-07,-3.29318E-06,-1.08195E-06,3.6214E-06,-2.45159E-06,2.23149E-06,1.54705E-06,-2.53367E-06,3.44332E-06,1.78762E-06,7.92096E-07,2.56483E-07,1.02945E-07,5.24837E-07,3.35342E-06,3.68617E-06,1.58818E-06,7.89423E-07
Eritrea,ERI,2.39823E-06,8.59746E-06,1.52939E-05,1.93796E-05,1.43462E-05,1.1876E-05,2.28533E-05,1.84515E-05,7.96182E-06,5.53422E-06,1.00921E-05,1.36707E-05,4.84764E-06,9.65904E-06,6.39983E-06,1.07839E-05,7.91797E-06,1.24872E-05,1.85552E-05
Estonia,EST,0.002265674,0.002033985,0.001966477,0.001821101,0.001056759,0.000958838,0.001167103,0.001412071,0.001492107,0.001523613,0.001794672,0.001708617,0.001765167,0.001724488,0.001967921,0.001846305,0.001778716,0.001655159,0.001346471
Eswatini,SWZ,5.95815E-06,6.07794E-06,1.52783E-05,8.70861E-06,1.45723E-05,1.58544E-05,1.39042E-05,7.22438E-06,1.07412E-05,1.7704E-05,2.79485E-05,3.03015E-05,2.17903E-05,2.19039E-05,1.59509E-05,2.33867E-05,2.22445E-05,3.30496E-05,3.05568E-05
Ethiopia,ETH,0.000279829,0.00030045,0.000331576,0.000328803,0.000302574,0.000292718,0.000367428,0.000465183,0.000455346,0.000517078,0.000543081,0.0006301,0.000769262,0.000935051,0.001202272,0.001240884,0.001357949,0.001783038,0.001927653
Fiji,FJI,3.97036E-05,6.08204E-05,5.2061E-05,6.4659E-05,8.07296E-05,7.30737E-05,0.000108051,0.000106048,8.07703E-05,8.0506E-05,7.676E-05,7.49974E-05,7.29557E-05,9.2591E-05,0.00013221,0.000114101,0.000183532,0.000141142,0.00013063
Finland,FIN,0.014500179,0.014731609,0.014094447,0.013891106,0.014015797,0.013461267,0.013575166,0.013650311,0.013744484,0.014187838,0.013840126,0.013268209,0.013198559,0.013315498,0.013607506,0.013160782,0.013014892,0.011761031,0.01035911
France,FRA,0.097182665,0.09745551,0.095003012,0.094065069,0.091628379,0.090789071,0.093990516,0.094966099,0.097400117,0.099138159,0.098502054,0.094137567,0.093543959,0.092845974,0.090856541,0.088984779,0.085585038,0.078388001,0.066903488
Gabon,GAB,3.36173E-05,4.48688E-05,4.27752E-05,3.77464E-05,4.22673E-05,6.14505E-05,5.21388E-05,3.96298E-05,4.82939E-05,6.24892E-05,4.9792E-05,6.58574E-05,5.69509E-05,6.1106E-05,6.70427E-05,7.24018E-05,6.75396E-05,6.45215E-05,5.86962E-05
"Gambia, The",GMB,4.04747E-05,5.54378E-05,3.6543E-05,4.441E-05,4.99965E-05,4.31964E-05,5.59907E-05,4.38527E-05,5.0756E-05,4.52988E-05,5.21891E-05,3.82957E-05,4.05138E-05,5.1643E-05,5.20724E-05,5.0213E-05,5.43798E-05,5.10822E-05,3.03486E-05
Georgia,GEO,0.000921896,0.000905794,0.000862115,0.000782667,0.000894369,0.001031528,0.001092885,0.001003037,0.000932615,0.00098687,0.000750019,0.000892911,0.000791855,0.000770769,0.000736198,0.000742148,0.000869609,0.000716709,0.000663549
Germany,DEU,0.166703803,0.165827708,0.162236878,0.160589407,0.155564028,0.158236476,0.160521953,0.165235632,0.168580866,0.172701753,0.171358362,0.159263397,0.158369698,0.153788571,0.155388048,0.152218109,0.149231465,0.139353042,0.124220196
Ghana,GHA,0.000217372,0.000187877,0.000224951,0.000223433,0.000241545,0.00023697,0.000252857,0.000303237,0.000339667,0.000406385,0.000442254,0.000498777,0.000612832,0.000686349,0.000743001,0.000908668,0.001166138,0.001144694,0.001239629
Greece,GRC,0.008940793,0.0097303,0.010378827,0.010568504,0.011539402,0.012333948,0.014173037,0.014678876,0.015502571,0.015765833,0.015304175,0.01455453,0.014246896,0.014090884,0.013681057,0.013226289,0.012881887,0.011774031,0.010518285
Guatemala,GTM,0.000546991,0.00053423,0.000526076,0.000524493,0.000440102,0.000596767,0.000675133,0.000158713,0.000383973,0.000420215,0.000443802,0.000373209,0.000387397,0.00036583,0.000321864,0.000380188,0.000311243,0.000327878,0.000276616
Guinea,GIN,3.58807E-08,2.10315E-05,1.22717E-05,6.26477E-06,1.3244E-05,5.71331E-06,1.85214E-05,1.53385E-05,1.11853E-05,1.28837E-05,1.1413E-05,1.18663E-05,1.12496E-05,9.6474E-06,2.32053E-05,3.32147E-05,4.18408E-05,3.82245E-05,2.46791E-05
Guinea-Bissau,GNB,-2.68738E-06,1.31701E-06,3.95688E-06,9.83187E-06,1.28625E-05,8.79465E-06,5.49984E-06,1.28252E-05,3.888E-06,8.45145E-06,4.38047E-06,1.06633E-05,1.24996E-05,1.14865E-05,1.82191E-05,9.66755E-06,1.07582E-05,1.53175E-05,1.25355E-05
Guyana,GUY,1.17328E-05,1.12642E-05,8.29439E-06,8.73897E-06,1.37951E-05,2.15361E-05,1.12065E-05,1.13069E-05,8.68521E-06,1.05674E-05,2.19066E-05,1.15714E-05,2.59611E-05,2.75024E-05,2.94175E-05,2.0625E-05,2.6809E-05,3.30621E-05,2.60753E-05
Haiti,HTI,3.43176E-06,5.34171E-06,5.42882E-06,6.17369E-06,6.75829E-06,7.4165E-06,1.62776E-05,1.11794E-05,5.13172E-06,1.26833E-05,1.56936E-05,3.31319E-05,3.14873E-05,4.24658E-05,5.85505E-05,3.65985E-05,3.52022E-05,4.19208E-05,2.59474E-05
Honduras,HND,0.000273581,0.000275389,0.000284996,1.40365E-05,1.54342E-05,1.48143E-05,1.27499E-05,1.27359E-05,1.84065E-05,1.94443E-05,2.61873E-05,0.000269372,0.000245087,0.000208181,2.88148E-05,0.000221283,0.000187221,0.000195875,0.000161023
Hungary,HUN,0.015609486,0.015415678,0.016278811,0.014171923,0.010245737,0.008410926,0.007979955,0.008130539,0.008787756,0.008226452,0.007826607,0.008014945,0.007997309,0.00761566,0.007995941,0.007795685,0.007549087,0.007144911,0.006442586
Iceland,ISL,0.001953229,0.001610485,0.001154053,0.001647708,0.001163434,0.001240724,0.000918245,0.000592565,0.000604555,0.00068145,0.000749067,0.000691436,0.000760634,0.000699099,0.000713506,0.00072138,0.000763682,0.000676303,0.000660846
India,IND,0.049220559,0.052879013,0.055357962,0.058785393,0.06427919,0.073659136,0.082504609,0.09403767,0.100849285,0.103977683,0.115039383,0.125442474,0.129879038,0.132796402,0.141280536,0.149104231,0.156351527,0.15670833,0.158495197
Indonesia,IDN,0.007864952,0.006904025,0.006764527,0.005752823,0.005936177,0.00647338,0.00638543,0.006734618,0.006515778,0.006144782,0.00733447,0.007737676,0.002436948,0.009499931,0.010361859,0.012369219,0.015495283,0.021467244,0.032443881
"Iran, Islamic Rep.",IRN,0.003226466,0.004075799,0.005429496,0.00730072,0.009418384,0.012572447,0.017992739,0.025598473,0.03389359,0.036782968,0.040972042,0.044574835,0.042856545,0.042914404,0.04645557,0.043289681,0.052544632,0.053205023,0.048588507
Iraq,IRQ,0.00014578,0.000149184,0.000161407,0.000180112,0.000128871,0.000179399,0.000319703,0.000306273,0.000388744,0.000465657,0.00067446,0.000752905,0.000961959,0.000974231,0.0009973,0.001209539,0.001407788,0.002587874,0.005925601
Ireland,IRL,0.004361783,0.004623029,0.004751886,0.004712368,0.005432733,0.006158668,0.00626025,0.007003149,0.007309101,0.008020803,0.008529501,0.008631289,0.008268027,0.008293918,0.008301484,0.007960265,0.008105689,0.00757787,0.006827886
Israel,ISR,0.026124781,0.025277928,0.024448331,0.023309909,0.022885259,0.021781004,0.022778682,0.022929508,0.022443015,0.020987088,0.020480499,0.01948257,0.019184705,0.018077933,0.018711681,0.019009725,0.018358892,0.017539135,0.016541006
Italy,ITA,0.066932436,0.061138705,0.061194448,0.0639975,0.06265773,0.062082299,0.065278343,0.076913126,0.078726835,0.081498411,0.080154341,0.077487424,0.079911049,0.082414405,0.083819341,0.081999874,0.083072446,0.078051928,0.069748345
Jamaica,JAM,0.00034909,0.000366791,0.000327058,0.000283269,0.000329225,0.00026705,0.000360866,0.00040702,0.000413256,0.00039206,0.000374801,0.000340441,0.000330236,0.000326779,0.000354112,0.000230629,0.000232987,0.000221503,0.000200538
Japan,JPN,0.476600783,0.504265845,0.498533492,0.492268046,0.477804848,0.476055845,0.47086408,0.46339537,0.455105275,0.444250191,0.435696361,0.357883651,0.313018167,0.273186586,0.256270923,0.234355149,0.216383795,0.205460651,0.187016939
Jordan,JOR,0.001166919,0.001162272,0.00113388,0.001263876,0.001286156,0.0012822,0.001776559,0.002001158,0.002204268,0.002147497,0.002239448,0.002071257,0.001984688,0.001997043,0.001927839,0.001944378,0.002160039,0.002214471,0.002576688
Kazakhstan,KAZ,0.001438406,0.001532173,0.001598383,0.001718772,0.001685221,0.00148711,0.001470455,0.001722861,0.001623272,0.001952611,0.002110886,0.001608162,0.000518193,0.001709265,0.001851128,0.001880924,0.002216539,0.002416675,0.002535271
Kenya,KEN,0.000580271,0.000658194,0.000769957,0.000766411,0.0007246,0.00068982,0.000711825,0.000842002,0.000882017,0.001047222,0.001032512,0.001141419,0.001101933,0.001160963,0.001198212,0.001198733,0.001295084,0.001305265,0.0012558
"Korea, Dem. People’s Rep.",PRK,8.06925E-07,-4.82651E-07,-1.69598E-06,-3.07813E-07,1.96817E-06,0.004077734,0.004652108,0.005231193,9.26899E-06,0.006801865,0.006886455,0.004828629,0.003944887,8.15753E-06,1.80575E-05,4.31801E-05,4.62551E-05,6.00753E-05,8.10715E-05
"Korea, Rep.",KOR,0.129122385,0.130281276,0.133085539,0.145022242,0.162571636,0.177355913,0.188038028,0.200356156,0.200634472,0.204416288,0.212873187,0.186298936,0.172116199,0.163383752,0.160606916,0.154578941,0.142051578,0.135981742,0.129981027
Kuwait,KWT,0.000824905,0.000848189,0.000795341,0.000797418,0.000789173,0.000803182,0.000833846,0.000921134,0.000963,0.001001452,0.000907865,0.000946957,0.000972508,0.001023187,0.000920463,0.001015916,0.000972179,0.000907515,0.00115374
Kyrgyz Republic,KGZ,0.000101947,0.000121783,0.000130725,0.000155659,4.46129E-05,5.48717E-05,6.44599E-05,0.000165808,0.000168198,0.000167119,0.000159014,0.000135446,0.000108768,0.000110924,0.000106598,9.27811E-05,0.000141249,0.000145862,0.000128056
Lao PDR,LAO,8.9439E-06,9.13736E-06,1.67972E-05,2.45708E-05,6.78932E-05,3.50495E-05,6.9925E-05,5.928E-05,8.0609E-05,7.00717E-05,6.94072E-05,9.88316E-05,0.000117908,0.000142104,9.94894E-05,0.000132556,0.000149343,0.000157436,0.000127236
Latvia,LVA,0.000685637,0.000737789,0.000774427,0.00052294,0.000551548,0.000735972,0.000630023,0.000742281,0.000985333,0.001095449,0.001155674,0.001666953,0.001501351,0.001526726,0.001385,0.001748345,0.001618609,0.001714565,0.001374862
Lebanon,LBN,0.000614427,0.000670186,0.000579061,0.000694594,0.000678618,0.000722612,0.000816532,0.000824186,0.000921818,0.000953311,0.000965165,0.001028923,0.001180979,0.001522303,0.001638063,0.001686176,0.001648487,0.001621897,0.001679604
Lesotho,LSO,4.59652E-06,1.77103E-05,1.56854E-05,7.43356E-06,4.72355E-06,4.42617E-06,1.22181E-05,9.77598E-06,9.12939E-06,1.19071E-05,1.21835E-05,1.33287E-05,2.23828E-05,1.53857E-05,1.12245E-05,1.85399E-05,2.18225E-05,2.02812E-05,1.58766E-05
Liberia,LBR,-3.47483E-06,-2.3314E-06,-2.93303E-06,-1.56768E-06,-1.65478E-07,-2.00954E-06,2.65949E-06,7.17773E-07,-1.37878E-06,9.89334E-07,1.39625E-06,9.29528E-06,6.71682E-06,3.80433E-06,6.68838E-06,1.18188E-05,1.6872E-05,2.3967E-05,2.23601E-05
Libya,LBY,9.61703E-05,7.60194E-05,5.99061E-05,7.89578E-05,9.16098E-05,0.000100286,0.000116403,0.000139768,0.000163757,0.000290685,0.000364224,0.000149663,0.000176613,0.000238516,0.000217703,0.000209173,0.000162487,0.000180102,0.000151567
Lithuania,LTU,0.001138058,0.001189723,0.001699962,0.001576555,0.001847165,0.002071481,0.002369648,0.002240424,0.003296659,0.002977659,0.002981224,0.002953742,0.002732077,0.002693997,0.002948452,0.002905106,0.002695024,0.002590626,0.002178082
Luxembourg,LUX,0.000330789,0.000258172,0.000220923,0.000155644,0.000254713,0.000308854,0.000308245,0.000317844,0.000467066,0.000570485,0.000645258,0.000793936,0.000794472,0.000983303,0.00112739,0.001079241,0.001248639,0.001298097,0.001042878
Madagascar,MDG,0.000184861,0.000160918,0.000104851,0.000131309,0.00010959,0.000122949,0.000129832,0.000217309,0.000180557,0.000153843,0.00013854,0.000174202,0.000146433,0.000174827,0.000164076,0.000154138,0.000146832,0.000180206,0.000150179
Malawi,MWI,0.000134855,0.000118868,0.000117045,0.000112109,0.00011207,0.000105941,0.000111605,0.000163753,0.000138781,0.000130049,0.000153726,0.000167035,0.000179943,0.000159181,0.00019777,0.00020792,0.000218849,0.000239486,0.000217169
Malaysia,MYS,0.013786553,0.011592322,0.010210223,0.010577457,0.010649249,0.011449755,0.009816502,0.007426692,0.013211203,0.015930078,0.019978506,0.022236676,0.022725442,0.023908292,0.025813431,0.027356272,0.028511821,0.02845515,0.027544334
Maldives,MDV,-4.29509E-06,5.97977E-06,-2.4476E-06,1.34672E-06,1.87776E-07,7.59765E-07,2.76325E-06,3.49903E-06,-2.92709E-06,1.76559E-06,1.27394E-06,6.35867E-06,7.9902E-06,5.60846E-06,5.73038E-06,6.60932E-06,4.42759E-06,5.52745E-06,5.37048E-06
Mali,MLI,2.11494E-05,4.41162E-05,4.75355E-05,5.28648E-05,4.66477E-05,4.91511E-05,8.0257E-05,8.5495E-05,8.04276E-05,8.758E-05,8.58961E-05,0.000100236,9.83765E-05,7.34556E-05,8.31787E-05,8.20183E-05,9.61698E-05,0.000104622,8.38636E-05
Malta,MLT,0.000257905,0.000278454,0.000397386,0.000115221,0.000788645,9.42921E-05,0.001092451,0.000174266,0.000269203,0.00022913,0.000246192,0.000239541,0.000295449,0.000338836,0.000336763,0.000368103,0.00038033,0.000416236,0.00039777
Mauritania,MRT,5.82691E-06,9.56274E-06,7.10432E-06,5.18704E-06,6.8572E-06,1.08359E-05,7.49717E-06,9.08705E-06,9.05603E-07,7.21194E-06,3.68333E-06,1.42722E-05,1.27215E-05,1.54672E-05,1.3002E-05,1.47258E-05,2.14232E-05,1.5043E-05,1.75614E-05
Mauritius,MUS,8.46375E-05,7.69519E-05,9.78319E-05,6.91217E-05,7.86242E-05,8.82074E-05,7.72091E-05,6.63452E-05,0.000107419,9.81471E-05,0.000103263,9.17007E-05,0.00014929,0.000161128,0.000155128,0.000154222,0.000212386,0.00019041,0.000131762
Mexico,MEX,0.032651082,0.031166888,0.030596212,0.02964855,0.029573841,0.030129605,0.030857792,0.031317637,0.031472048,0.028666657,0.028372358,0.027318972,0.028094657,0.028441341,0.029618399,0.031183826,0.030583616,0.029826333,0.027660918
Moldova,MDA,0.000484217,0.000560202,0.000445648,0.000450204,0.000391893,0.000533595,0.000413232,0.000452269,0.000436328,0.000341532,0.000339834,0.000289019,0.000304124,0.000293529,0.000326306,0.000288892,0.000410219,0.000313752,0.00023077
Mongolia,MNG,3.85225E-05,0.000238522,0.000295004,0.00031148,0.000272949,0.000233512,0.000270525,0.000137918,0.000114947,0.000260753,0.000273717,0.000120238,0.000149008,0.000352258,0.000282502,0.000254205,0.000243043,0.000260793,0.000209643
Montenegro,MNE,-5.11535E-06,-2.3314E-06,-4.01349E-06,-2.32664E-06,-2.17196E-06,-3.4137E-06,-1.94474E-06,7.94859E-05,0.001100224,8.97585E-05,0.000286628,0.00025703,0.000238318,0.000232205,0.000237746,0.000264985,0.000277828,0.000298407,0.000235028
Morocco,MAR,0.001494042,0.001577347,0.001493758,0.001403461,0.002117639,0.001990766,0.002278431,0.002352139,0.002594261,0.002861728,0.003032533,0.003280182,0.003468128,0.0036073,0.004087691,0.004183976,0.005284826,0.006627709,0.006700839
Mozambique,MOZ,4.54772E-05,5.0261E-05,4.77025E-05,6.40784E-05,4.79582E-05,6.62628E-05,7.79799E-05,9.40361E-05,7.47996E-05,9.37969E-05,9.39406E-05,0.000106742,0.000102303,0.000109023,0.000141477,0.000151604,0.000145149,0.000164377,0.000146642
Myanmar,MMR,1.91971E-05,1.5518E-05,1.41821E-05,1.54026E-05,2.16232E-05,6.29586E-05,3.52912E-05,4.61109E-05,7.30161E-05,0.000108702,6.35023E-05,0.000112159,4.46844E-05,3.90606E-05,5.02949E-05,8.403E-05,0.000126716,0.000147014,0.000216639
Namibia,NAM,2.40203E-05,7.14057E-05,5.14033E-05,6.61466E-05,4.3963E-05,6.42978E-05,4.30081E-05,4.84966E-05,3.80396E-05,3.98775E-05,4.41415E-05,5.6906E-05,7.37384E-05,9.75495E-05,0.000110303,0.000129138,0.000138995,0.000133805,0.00016206
Nepal,NPL,0.000161988,0.000184212,0.000190125,0.000352927,0.000313425,0.000383899,0.000472745,0.000497095,0.000445244,0.000488156,0.000472903,0.00048836,0.000493965,0.00057499,0.000632591,0.000686317,0.000742983,0.000749063,0.00074806
Netherlands,NLD,0.033306973,0.032809377,0.032848373,0.032801668,0.032640152,0.033703869,0.034142023,0.034732333,0.035933371,0.038244854,0.038057679,0.037285259,0.037683355,0.037883718,0.037753762,0.037018925,0.036102888,0.033529672,0.029520461
New Zealand,NZL,0.018618471,0.017558399,0.016570264,0.016222937,0.015307415,0.015216941,0.015289745,0.016079852,0.014031667,0.01483538,0.014881186,0.014509317,0.014865591,0.014100996,0.014853047,0.013699573,0.01352089,0.012728442,0.011830327
Nicaragua,NIC,0.00026991,1.54362E-05,8.09083E-06,1.87876E-05,2.21319E-05,2.30572E-05,4.12183E-05,2.68335E-05,3.1491E-05,3.32918E-05,3.4027E-05,0.000239821,0.000194123,0.000141181,0.000160526,2.88076E-05,4.14416E-05,4.18258E-05,3.96621E-05
Niger,NER,3.38142E-05,4.38054E-05,2.85883E-05,3.39819E-05,2.95643E-05,2.41233E-05,3.6212E-05,3.52793E-05,3.15037E-05,6.69339E-05,7.95241E-05,3.54417E-05,3.36797E-05,3.38694E-05,5.35498E-05,6.51109E-05,6.28401E-05,5.99908E-05,5.05563E-05
Nigeria,NGA,0.001717233,0.001735668,0.00193429,0.001990516,0.002145355,0.002251685,0.002823769,0.003074462,0.003137482,0.003853547,0.004168639,0.005067668,0.004490908,0.004679287,0.004321321,0.004272492,0.004720487,0.004843148,0.005497059
North Macedonia,MKD,0.000344397,0.000370296,0.00056982,0.000274389,0.00023478,0.000278327,0.00029002,0.000415641,0.000392998,0.000444723,0.000458184,0.000565986,0.000579223,0.000574475,0.000624613,0.000635929,0.000579736,0.000524656,0.000465
Norway,NOR,0.019419447,0.017994857,0.017401725,0.016558956,0.015386177,0.016166562,0.016134628,0.01709844,0.015681276,0.0146163,0.012719802,0.01273757,0.012985982,0.013038596,0.013063575,0.01308164,0.013675122,0.013279938,0.011838012
Oman,OMN,0.000343725,0.000390404,0.000378095,0.000448707,0.000433856,0.000415675,0.000451073,0.000521004,0.000514245,0.000577451,0.000625746,0.000709198,0.000706594,0.000787439,0.000803575,0.001159739,0.001198969,0.001137848,0.000808939
Pakistan,PAK,0.00392597,0.003999685,0.003931702,0.003999228,0.003985996,0.004689026,0.005723054,0.006083681,0.006848882,0.006163524,0.008041887,0.0083952,0.008763714,0.009576572,0.009719359,0.010442096,0.01173094,0.012571818,0.012736615
Panama,PAN,0.000362159,9.45886E-05,7.59877E-05,9.42432E-05,9.30652E-05,9.93236E-05,0.00010774,0.000125568,0.000558986,0.000545836,0.000617678,0.00057452,0.000393573,0.000254868,0.000433704,0.000516914,0.000469506,0.000491695,0.000476196
Papua New Guinea,PNG,9.78108E-05,0.000121633,7.8822E-05,7.94132E-05,5.83616E-05,4.35345E-05,5.94926E-05,7.47144E-05,0.0001216,5.06825E-05,5.89892E-05,4.86623E-05,7.1215E-05,0.000129538,7.12094E-05,0.000102228,6.25093E-05,5.89875E-05,5.9018E-05
Paraguay,PRY,0.000423033,0.000459426,0.000307949,0.000311838,0.000325011,0.000376254,0.000494947,0.000406017,0.000341211,0.000319952,0.000406096,5.63871E-05,6.31542E-05,6.68559E-05,6.83469E-05,0.00010667,0.000110896,0.0001411,9.10665E-05
Peru,PER,0.002288751,0.001980161,0.001716162,0.001873258,0.001563453,0.001746626,0.002096862,0.002077108,0.002200473,0.001356116,0.000960102,0.001829037,0.001803528,0.001850304,0.001907492,0.002046155,0.002106448,0.002368018,0.002464694
Philippines,PHL,0.007295861,0.00472196,0.001902473,0.003483651,0.004426665,0.004495979,0.004422564,0.004584419,0.004293247,0.003922713,0.004198574,0.004084537,0.003623721,0.003862413,0.004081653,0.004514251,0.004478636,0.004475656,0.005232051
Poland,POL,0.032248977,0.032218463,0.033197727,0.033361085,0.03624867,0.033982402,0.030754378,0.030497847,0.032588159,0.032573582,0.033232829,0.032919733,0.034957427,0.036602409,0.038033018,0.039829653,0.040729441,0.03750017,0.034599704
Portugal,PRT,0.005656867,0.006425797,0.006550772,0.007178718,0.007543054,0.007860711,0.009480021,0.009986189,0.01135124,0.012471517,0.013417485,0.014478928,0.015460038,0.016511475,0.017055343,0.017337102,0.016535981,0.015354941,0.01366991
Puerto Rico,PRI,0.000625336,0.000677368,0.000680421,0.000826395,0.00071749,0.000733365,0.000899784,0.000861567,0.000884075,0.000832477,0.000872018,0.000747964,0.00074399,0.000672288,0.000714273,0.000690197,0.000691051,0.000606631,0.000486173
Qatar,QAT,7.20875E-05,0.000121289,0.000139547,0.000159483,0.000186706,0.000212917,0.000235115,0.000304895,0.000355785,0.000408313,0.000497633,0.000550857,0.000767743,0.001228289,0.001702693,0.001365378,0.002027296,0.001923193,0.001420519
Romania,ROU,0.005141767,0.00516816,0.00550397,0.005206769,0.005015183,0.005323733,0.005474041,0.007383924,0.009902314,0.012249275,0.013895398,0.012751284,0.01254276,0.012178473,0.011993312,0.013010333,0.012243034,0.011941253,0.010024826
Russian Federation,RUS,0.085156964,0.088091603,0.085704242,0.083592357,0.072661526,0.070974903,0.07008797,0.073121925,0.077065031,0.076406276,0.079746277,0.072874215,0.069607661,0.069135457,0.072538169,0.081718729,0.088951804,0.090632859,0.092123946
Rwanda,RWA,1.17907E-07,4.44188E-06,1.82727E-06,8.54164E-06,1.07289E-05,6.05135E-06,2.27106E-05,2.37588E-05,3.39784E-05,4.27697E-05,5.3669E-05,5.57031E-05,0.000108012,0.000100809,0.000113724,0.000127141,0.000146706,0.000134702,0.000160656
Samoa,WSM,5.82691E-06,1.04953E-05,7.77765E-06,1.63904E-05,7.66791E-06,2.55396E-06,1.47602E-05,1.60206E-05,-7.56922E-07,4.80804E-06,4.19701E-06,5.08497E-06,4.78448E-07,2.45414E-06,9.63475E-05,1.41145E-05,6.40091E-06,8.86474E-06,8.9667E-06
Sao Tome and Principe,STP,-4.50836E-06,-9.73468E-07,-2.7921E-06,3.6007E-07,-1.35241E-06,-3.08866E-06,-6.86685E-07,-9.91805E-07,-4.09466E-06,1.38206E-06,1.02127E-06,3.75997E-07,-1.84634E-06,5.81211E-06,1.7857E-06,2.7751E-08,0.000190772,0.000301667,0.000325895
Saudi Arabia,SAU,0.004146896,0.003736487,0.003509947,0.003486354,0.003109983,0.002886282,0.003114718,0.003479005,0.002876668,0.003633427,0.005344966,0.006589188,0.006872349,0.00900694,0.009880752,0.01199364,0.012778524,0.01260765,0.012366024
Senegal,SEN,0.000234056,0.000239756,0.000251445,0.000302334,0.000241333,0.000258396,0.000216646,0.000261352,0.000264245,0.000228985,0.000239571,0.000325175,0.000317514,0.000342842,0.000371353,0.00042719,0.000417593,0.000387024,0.000365873
Serbia,SRB,-5.11535E-06,-2.3314E-06,-4.01349E-06,-2.32664E-06,0.0013552,0.001081918,0.000643504,0.004102384,0.004390743,0.004844165,0.005161472,0.005767568,0.006985159,0.006188353,0.005901276,0.005721167,0.00573751,0.005235577,0.004317791
Sierra Leone,SLE,2.28339E-06,5.16174E-06,-1.61405E-07,1.9387E-06,5.48658E-06,1.79988E-06,5.13669E-06,3.67764E-06,5.89318E-06,1.10682E-05,1.13273E-05,1.13356E-05,1.46608E-05,1.58629E-05,2.29514E-05,3.72032E-05,5.06466E-05,4.32727E-05,3.687E-05
Singapore,SGP,0.022919635,0.021328989,0.021629936,0.021505891,0.022863767,0.021747412,0.021529636,0.021855532,0.021600649,0.020518454,0.02183118,0.021216234,0.021012103,0.020830861,0.021155703,0.021413037,0.021439828,0.020269544,0.01935439
Slovak Republic,SVK,0.007039917,0.006425136,0.006115057,0.005724145,0.003715011,0.003494563,0.003608417,0.003876521,0.004371771,0.004111958,0.004607888,0.004703246,0.005044544,0.005283867,0.005862921,0.005966852,0.006320909,0.006164973,0.005085356
Slovenia,SVN,0.003161907,0.00304542,0.003146284,0.003493256,0.002937773,0.003260415,0.003245191,0.003693357,0.004019113,0.004262256,0.004265855,0.004553899,0.004126589,0.004112901,0.004039656,0.00413536,0.003827772,0.003640241,0.003097111
Solomon Islands,SLB,3.59581E-06,1.66058E-06,-2.38497E-06,3.53252E-06,1.5584E-06,-8.53287E-08,6.60227E-06,3.16732E-06,-4.65028E-07,2.80478E-06,8.62442E-06,7.03091E-06,3.37567E-06,2.66365E-06,7.05774E-06,1.43072E-05,1.50584E-05,9.16045E-06,1.08223E-05
Somalia,SOM,-4.62319E-06,-2.3314E-06,-1.33582E-06,4.51145E-07,-5.61122E-07,-3.4137E-06,-6.08867E-07,-2.66311E-06,-3.35858E-06,1.51519E-06,1.24948E-06,1.82993E-06,-7.83245E-07,4.75878E-06,2.21E-06,3.5511E-06,1.8041E-06,1.09875E-05,7.54743E-06
South Africa,ZAF,0.011548,0.016443674,0.01692874,0.015755605,0.016183711,0.015609773,0.01628656,0.016874877,0.016575386,0.015995831,0.015595318,0.016613011,0.017155595,0.017389178,0.017939737,0.018464559,0.019126344,0.019154189,0.017442631
South Sudan,SSD,-5.11535E-06,-2.3314E-06,-4.01349E-06,-2.32664E-06,-2.17196E-06,-3.4137E-06,-1.94474E-06,-2.66311E-06,-4.09466E-06,-1.9279E-06,-2.71317E-06,3.32145E-07,1.54154E-06,8.82099E-06,4.16064E-06,4.78369E-06,2.87045E-07,4.83042E-06,6.92274E-06
Spain,ESP,0.04365248,0.045684058,0.046605761,0.047028833,0.047361503,0.049135351,0.053699647,0.056718021,0.059110098,0.06253527,0.063169224,0.063880722,0.065531694,0.065175039,0.066393362,0.065030772,0.064032367,0.059115705,0.052010066
Sri Lanka,LKA,0.000853461,0.000823712,0.000801101,0.000773228,0.000743417,0.000819988,0.000935296,0.000995309,0.001092686,0.000996251,0.001040265,0.001023056,0.000710858,0.001130921,0.000814886,0.001141107,0.001527273,0.001513633,0.001543599
St. Lucia,LCA,-1.01405E-06,1.37198E-05,-6.15513E-07,-2.19003E-06,6.06044E-08,-3.58359E-07,2.40009E-06,5.77434E-07,-7.06158E-07,5.76163E-07,6.86884E-07,4.60143E-06,-9.93528E-07,1.72085E-06,-2.01445E-06,1.99292E-06,4.63228E-06,1.23975E-06,2.29341E-06
St. Vincent and the Grenadines,VCT,-6.12391E-07,-2.3314E-06,-3.82558E-06,-1.06677E-06,-1.98827E-06,-1.68451E-06,-1.03687E-06,-6.21822E-07,-4.09466E-06,1.12911E-07,-1.46567E-06,-1.51945E-06,4.4556E-07,7.02262E-06,6.35333E-06,4.72397E-06,7.5471E-07,4.38527E-06,2.68792E-06
Sudan,SDN,0.000143579,0.000125142,0.000141854,0.000151183,0.000172742,0.000156374,0.000160058,0.000193532,0.000473978,0.000559957,0.000527308,0.00049873,0.000309441,0.000491666,0.000277699,0.000369526,0.000487449,0.000406416,0.000462252
Suriname,SUR,-8.17189E-07,4.65457E-06,1.42014E-06,2.83427E-06,4.29965E-06,2.853E-06,4.82542E-06,4.77483E-06,2.37776E-06,4.99584E-06,2.9862E-06,3.38669E-06,8.65609E-06,1.58862E-05,6.07665E-06,1.37374E-05,2.26779E-05,1.4874E-05,1.47787E-05
Sweden,SWE,0.028220496,0.027637618,0.026105265,0.025712212,0.024215327,0.023745326,0.02390353,0.023751515,0.023439061,0.024216789,0.023947832,0.023195578,0.023824736,0.024328342,0.025365355,0.025102751,0.024497856,0.02257536,0.020010157
Switzerland,CHE,0.022882431,0.022235768,0.021458169,0.021770933,0.021774929,0.021789327,0.022968546,0.023243346,0.023739325,0.024368475,0.024849464,0.024794445,0.026600855,0.026231533,0.026500689,0.026177038,0.025590167,0.024177351,0.020729228
Syrian Arab Republic,SYR,0.000410112,0.000340014,0.000331541,0.000363094,0.000385621,0.000301954,0.000421332,0.000192573,0.000250208,0.000199099,0.000281191,0.000315964,0.000349909,0.000296109,0.000281428,0.000359613,0.000312288,0.000313585,0.000312811
Tajikistan,TJK,9.20132E-05,0.000106052,8.08098E-05,7.06662E-05,7.71424E-05,6.51902E-05,5.26582E-05,3.83285E-05,3.65674E-05,3.7951E-05,5.65464E-05,5.02871E-05,5.68131E-05,7.33195E-05,4.38543E-05,6.63715E-05,5.55057E-05,6.22403E-05,5.73901E-05
Tanzania,TZA,0.000243719,0.000215358,0.000237957,0.000254752,0.000267842,0.000283768,0.000364376,0.000399941,0.000376551,0.000392339,0.000437525,0.000477899,0.000456148,0.000473392,0.0006207,0.000630029,0.000636563,0.000642686,0.000573277
Thailand,THA,0.011640559,0.011329173,0.010224988,0.011133066,0.011215791,0.012709619,0.012778018,0.013768065,0.014254469,0.013616375,0.010171802,0.012132421,0.014647171,0.014679112,0.015853506,0.016315669,0.016752544,0.017470851,0.017809178
Timor-Leste,TLS,-5.11535E-06,-2.3314E-06,-4.01349E-06,2.08278E-07,-2.17196E-06,-7.74405E-07,2.64652E-06,1.53429E-06,-2.47021E-06,1.12911E-07,-1.36782E-06,2.03042E-06,4.55559E-06,4.7355E-06,1.23325E-05,8.06285E-06,7.92938E-06,1.38601E-05,1.15038E-05
Togo,TGO,4.51009E-05,4.09914E-05,2.75235E-05,3.72606E-05,3.04687E-05,2.90639E-05,3.68605E-05,3.68613E-05,5.21393E-05,5.11208E-05,5.77907E-05,5.75075E-05,5.30957E-05,7.04176E-05,9.44324E-05,9.50884E-05,8.58812E-05,7.43855E-05,7.97842E-05
Tonga,TON,-1.29294E-06,-1.10435E-06,-1.14791E-06,8.68451E-08,2.25078E-06,-2.5296E-06,4.09912E-06,-4.17693E-07,-3.51088E-06,1.06446E-06,-1.01314E-06,7.21334E-07,-3.15952E-07,-6.88547E-07,-1.18341E-06,1.66733E-06,1.46928E-06,3.85476E-06,2.89065E-06
Trinidad and Tobago,TTO,0.000434449,0.000578496,0.000542133,0.000556123,0.000493061,0.000506419,0.00051353,0.000582377,0.000513945,0.000262514,0.000260926,0.000263483,0.000434041,0.000344419,0.000450539,0.000311805,0.000343958,0.000358599,0.000307114
Tunisia,TUN,0.001490711,0.001576419,0.00165787,0.001835612,0.002272037,0.00265237,0.003079857,0.003522535,0.004101415,0.004612687,0.004897774,0.005032501,0.00507353,0.005454463,0.005709547,0.006282942,0.006537962,0.006545224,0.005514865
Turkey,TUR,0.017398652,0.019100898,0.019800188,0.021321919,0.023450623,0.024097948,0.026501745,0.029322427,0.029922055,0.03384744,0.035282349,0.034760349,0.035517923,0.0376575,0.038232078,0.040431347,0.042293098,0.037676898,0.033271823
Turkmenistan,TKM,5.10508E-06,6.29062E-06,3.9882E-06,3.66913E-06,4.18661E-06,7.2076E-07,3.03561E-06,3.55006E-06,-2.08948E-06,1.84072E-06,4.47831E-06,1.28452E-05,1.31187E-05,5.38731E-06,1.96041E-05,5.58604E-06,1.39347E-06,6.44626E-06,1.82111E-06
Uganda,UGA,0.000210367,0.000220516,0.000201901,0.000214613,0.00030082,0.000279495,0.000279379,0.00035174,0.000318232,0.000387192,0.000493964,0.00049268,0.000533649,0.000568527,0.000600044,0.000711336,0.000684869,0.000671402,0.000636465
Ukraine,UKR,0.015555647,0.018333458,0.012284526,0.01219192,0.013370974,0.01293382,0.012324409,0.012747929,0.01279407,0.011644438,0.01224707,0.011521665,0.011182701,0.01182494,0.011123665,0.010890202,0.010919922,0.011346326,0.011691776
United Arab Emirates,ARE,0.000536978,0.000620319,0.000621621,0.000817151,0.000782079,0.00091229,0.00106765,0.000963848,0.001148429,0.0012929,0.001544592,0.002985702,0.003120663,0.003299477,0.003331773,0.004113604,0.002831543,0.004466803,0.004368623
United Kingdom,GBR,0.161463521,0.152583978,0.149419604,0.147192228,0.141085629,0.136430332,0.137025077,0.138264999,0.136078539,0.137982381,0.134406412,0.128987535,0.12900715,0.127822552,0.126128759,0.126260778,0.122812587,0.114362255,0.101230951
United States,USA,0.857231539,0.86592575,0.876124375,0.88187393,0.878615149,0.89122905,0.909758859,0.930920461,0.925386766,0.940399879,0.956418223,0.898949205,0.875525162,0.852076787,0.838966078,0.824447122,0.798628919,0.76544833,0.701322015
Uruguay,URY,0.001481484,0.001325704,0.001223036,0.001277592,0.001228212,0.001277983,0.001369565,0.001376993,0.001365172,0.001439537,0.001403201,0.00135461,0.001309942,0.00068969,0.00141527,0.001246921,0.000958225,0.001234849,0.000804963
Uzbekistan,UZB,0.001479198,0.001921489,0.001368554,0.00137588,0.00100291,0.000854401,0.000832029,0.000912725,0.000785562,0.000811796,0.001055881,0.00088207,0.000731213,0.000734902,0.000684574,0.000597584,0.000669997,0.000583997,0.000561815
Vanuatu,VUT,1.15143E-06,2.8549E-06,4.56758E-06,7.58535E-06,1.16897E-05,1.28121E-05,5.42203E-06,6.6674E-07,1.17212E-06,4.19454E-06,5.94596E-06,7.71494E-06,5.02288E-06,6.51635E-06,7.41554E-06,1.07373E-05,1.2971E-05,9.11821E-06,4.43344E-06
"Venezuela, RB",VEN,0.006100316,0.001685474,0.005290355,0.005044036,0.004389379,0.004799512,0.004782355,0.004729031,0.004709111,0.00435296,0.00365802,0.003075659,0.002946689,0.002670965,0.002611546,0.001935327,0.001469706,0.001174401,0.00060317
Vietnam,VNM,0.002645062,0.002498326,0.002309961,0.002254431,0.002529668,0.003057855,0.00314595,0.003900696,0.00447662,0.004178428,0.004903227,0.00480494,0.005138517,0.005487147,0.005849284,0.006518434,0.00737022,0.007472938,0.008517675
"Yemen, Rep.",YEM,7.8846E-05,0.000101313,7.62549E-05,8.13799E-05,0.000103081,0.000104442,0.000120688,9.15386E-05,7.49451E-05,0.000103168,0.000194205,0.00016282,0.000183887,0.000183479,0.000188755,0.000145244,0.000150503,0.000144923,0.000128415
Zambia,ZMB,5.00061E-05,0.000128555,0.000104392,8.85801E-05,9.93613E-05,0.000108316,9.93329E-05,0.000123232,0.000151354,0.000111229,0.000122659,0.000139897,0.00015307,0.000163988,0.000178646,0.000196335,0.000222821,0.000229667,0.000199999
Zimbabwe,ZWE,0.000373861,0.000347539,0.000255313,0.000271764,0.000193064,0.000177956,0.000221717,0.00023368,0.000155571,0.000144735,0.000182406,0.00017187,0.000234628,0.000257652,0.000312904,0.000329253,0.000361618,0.000357622,0.000338434
